{
  "results": [
    {
      "lambda": 0.0,
      "test_acc": 72.85,
      "sparsity": 0.0
    },
    {
      "lambda": 0.001,
      "test_acc": 72.93,
      "sparsity": 17.959183673469386
    },
    {
      "lambda": 0.01,
      "test_acc": 63.46,
      "sparsity": 37.95918367346939
    }
  ],
  "best_lambda": 0.001,
  "best_test_acc": 72.93,
  "final_sparsity": 17.959183673469386
}